ID;TYPE;TITLE;POSTER URL;RELEASE YEAR;GENRES;DURATIONS;EPISODES;COUNTRY;DIRECTOR;CASTS;DESCRIPTIONS;
media_001;MOVIE;Avengers: Endgame;https://upload.wikimedia.org/wikipedia/vi/2/2d/Avengers_Endgame_bia_teaser.jpg;2019;"Hành động;Viễn tưởng";181;1;Mỹ;Anthony Russo;"Robert Downey Jr;Chris Evans;Mark Ruffalo;Chris Hemsworth;Scarlett Johansson";Sau sự kiện Thanos xóa sổ một nửa vũ trụ, thế giới rơi vào trạng thái tan hoang và tuyệt vọng. Những Avengers còn sống sót phải đối mặt với mất mát cá nhân, cảm giác tội lỗi và câu hỏi liệu họ còn cơ hội sửa chữa sai lầm hay không. Khi xuất hiện hy vọng mong manh thông qua du hành thời gian, nhóm quyết định mạo hiểm tất cả để thu thập các Viên đá Vô cực trong quá khứ. Hành trình này không chỉ là cuộc chiến với kẻ thù mà còn là hành trình khép lại những câu chuyện cá nhân, các mối quan hệ và sự hy sinh đã kéo dài suốt nhiều năm. Avengers: Endgame là điểm kết của một thời kỳ, tôn vinh tinh thần đồng đội, sự hy sinh và lựa chọn đặt lợi ích chung lên trên bản thân, mang lại cảm xúc mạnh mẽ cho khán giả.;
media_002;MOVIE;Inception;https://upload.wikimedia.org/wikipedia/vi/1/11/Inception_poster_1.jpg;2010;"Hành động;Khoa học";148;1;Mỹ;Christopher Nolan;"Leonardo DiCaprio;Joseph Gordon-Levitt;Elliot Page;Tom Hardy;Ken Watanabe";Inception xoay quanh công nghệ xâm nhập vào giấc mơ để đánh cắp hoặc gieo cấy ý tưởng vào tiềm thức con người. Dom Cobb là một chuyên gia trong lĩnh vực này, nhưng anh mang theo gánh nặng quá khứ và cảm giác tội lỗi về cái chết của vợ mình. Khi được giao nhiệm vụ đặc biệt là “inception” – gieo một ý tưởng thay vì đánh cắp – Cobb phải đối mặt với thách thức lớn nhất sự nghiệp. Bộ phim dẫn dắt khán giả qua nhiều tầng giấc mơ chồng chéo, nơi ranh giới giữa thực và ảo ngày càng mờ nhạt. Inception không chỉ là phim hành động khoa học viễn tưởng mà còn khai thác sâu về ký ức, tiềm thức và sự thật chủ quan của mỗi con người.;
media_003;MOVIE;Interstellar;https://upload.wikimedia.org/wikipedia/vi/4/46/Interstellar_poster.jpg;2014;"Khoa học;Phiêu lưu";169;1;Mỹ;Christopher Nolan;"Matthew McConaughey;Anne Hathaway;Jessica Chastain;Michael Caine;Matt Damon";Interstellar lấy bối cảnh Trái Đất đang dần trở nên không thể sinh sống do biến đổi khí hậu và cạn kiệt tài nguyên. Một nhóm nhà khoa học được giao nhiệm vụ du hành xuyên không gian để tìm hành tinh mới cho loài người. Cooper, một người cha đồng thời là phi công, buộc phải rời xa con gái mình để tham gia sứ mệnh. Bộ phim kết hợp khoa học, vật lý thiên văn và cảm xúc gia đình, đặt ra câu hỏi về thời gian, không gian và sự hy sinh. Interstellar nhấn mạnh mối liên kết giữa tình yêu và khoa học, cho thấy cảm xúc con người có thể vượt qua cả không – thời gian, tạo nên một câu chuyện vừa trí tuệ vừa giàu cảm xúc.;
media_004;MOVIE;The Shawshank Redemption;https://upload.wikimedia.org/wikipedia/vi/8/81/ShawshankRedemptionMoviePoster.jpg;1994;"Tâm lý;Tội phạm";142;1;Mỹ;Frank Darabont;"Tim Robbins;Morgan Freeman;Bob Gunton;William Sadler;Clancy Brown";Câu chuyện theo chân Andy Dufresne, một người đàn ông bị kết án tù chung thân vì tội giết vợ mà anh khẳng định mình vô tội. Trong nhà tù Shawshank khắc nghiệt, Andy phải học cách sinh tồn giữa bạo lực, bất công và tuyệt vọng. Thay vì gục ngã, anh sử dụng trí tuệ, sự kiên nhẫn và lòng nhân ái để thay đổi cuộc sống của mình và những người xung quanh. Qua nhiều năm, tình bạn giữa Andy và Red dần hình thành, trở thành điểm tựa tinh thần trong môi trường khắc nghiệt. Bộ phim đề cao hy vọng, sự tự do tinh thần và niềm tin rằng con người có thể giữ phẩm giá ngay cả trong hoàn cảnh tăm tối nhất.;
media_005;MOVIE;Forrest Gump;https://upload.wikimedia.org/wikipedia/vi/1/1d/Forrest_gump.jpg;1994;"Tâm lý;Hài";142;1;Mỹ;Robert Zemeckis;"Tom Hanks;Robin Wright;Gary Sinise;Sally Field;Mykelti Williamson";Forrest Gump kể về cuộc đời một người đàn ông có trí tuệ đơn giản nhưng trái tim thuần khiết. Từ thời thơ ấu đến khi trưởng thành, Forrest vô tình tham gia vào nhiều sự kiện lịch sử quan trọng của nước Mỹ. Anh không mưu cầu danh vọng hay quyền lực, chỉ sống chân thành và kiên định với những giá trị cơ bản: tình yêu, lòng trung thực và sự tử tế. Mối tình kéo dài cả đời với Jenny là sợi chỉ đỏ xuyên suốt bộ phim. Forrest Gump truyền tải thông điệp rằng thành công không đến từ trí thông minh vượt trội mà từ cách sống tử tế, bền bỉ và không ngừng tiến về phía trước.;
media_006;MOVIE;Fight Club;https://upload.wikimedia.org/wikipedia/vi/8/8a/Fight_club.jpg;1999;"Tâm lý;Hành động";139;1;Mỹ;David Fincher;"Brad Pitt;Edward Norton;Helena Bonham Carter;Meat Loaf;Jared Leto";Fight Club xoay quanh một người đàn ông vô danh chán ghét cuộc sống tiêu dùng hiện đại và cảm thấy lạc lõng trong xã hội. Sau khi gặp Tyler Durden, anh tham gia sáng lập Fight Club – một nơi đàn ông giải tỏa cảm xúc bằng các trận đánh tay đôi. Ban đầu, câu lạc bộ mang lại cảm giác tự do và giải phóng, nhưng dần dần biến chất thành phong trào cực đoan nguy hiểm. Bộ phim là lời phê phán mạnh mẽ chủ nghĩa tiêu dùng, khủng hoảng bản sắc nam giới và sự tha hóa tinh thần trong xã hội hiện đại. Fight Club đặt câu hỏi về bản ngã, tự do và hậu quả của việc mất kiểm soát lý tưởng.;
media_007;MOVIE;The Matrix;https://upload.wikimedia.org/wikipedia/vi/c/c1/The_Matrix_Poster.jpg;1999;"Hành động;Viễn tưởng";136;1;Mỹ;Wachowski;"Keanu Reeves;Laurence Fishburne;Carrie-Anne Moss;Hugo Weaving;Joe Pantoliano";The Matrix kể về một thế giới nơi con người bị máy móc kiểm soát thông qua một thực tại ảo. Neo, một lập trình viên, phát hiện cuộc sống của mình chỉ là một phần của hệ thống giả lập mang tên Matrix. Khi thức tỉnh, anh tham gia cuộc chiến nhằm giải phóng nhân loại khỏi sự thống trị của trí tuệ nhân tạo. Bộ phim kết hợp hành động, triết học và khoa học viễn tưởng, đặt ra câu hỏi về thực tại, tự do ý chí và sự lựa chọn. The Matrix không chỉ nổi bật nhờ kỹ xảo mà còn vì chiều sâu tư tưởng, khiến khán giả suy ngẫm về cách con người nhận thức thế giới xung quanh.;
media_008;MOVIE;Joker;https://upload.wikimedia.org/wikipedia/vi/9/90/Joker_%28phim_2019%29_poster.jpg;2019;"Tâm lý;Tội phạm";122;1;Mỹ;Todd Phillips;"Joaquin Phoenix;Robert De Niro;Zazie Beetz;Frances Conroy;Brett Cullen";Joker khắc họa hành trình sa ngã của Arthur Fleck, một người đàn ông sống bên lề xã hội với nhiều vấn đề tâm lý. Bị xã hội thờ ơ, chèn ép và coi thường, Arthur dần mất kiểm soát và biến thành Joker – biểu tượng của hỗn loạn. Bộ phim không tập trung vào hành động siêu anh hùng mà đi sâu vào tâm lý nhân vật, phản ánh sự tàn nhẫn của xã hội đối với những cá nhân yếu thế. Joker đặt ra câu hỏi về trách nhiệm cộng đồng, ranh giới giữa nạn nhân và kẻ gây tội, cũng như hệ quả khi con người bị bỏ rơi quá lâu trong cô đơn.;
media_009;MOVIE;Parasite;https://upload.wikimedia.org/wikipedia/vi/c/cc/Poster_phim_Parasite_2019.jpg;2019;"Tâm lý;Kinh dị";132;1;Hàn Quốc;Bong Joon-ho;"Song Kang-ho;Lee Sun-kyun;Cho Yeo-jeong;Choi Woo-shik;Park So-dam";Parasite kể về hai gia đình thuộc hai tầng lớp xã hội đối lập: một gia đình nghèo sống chật vật và một gia đình giàu có sống xa hoa. Bằng sự thông minh và mưu mẹo, gia đình nghèo từng bước thâm nhập vào cuộc sống của gia đình giàu, dẫn đến chuỗi sự kiện ngày càng căng thẳng. Bộ phim khéo léo kết hợp hài hước, kịch tính và bi kịch để phơi bày khoảng cách giàu nghèo và sự bất công xã hội. Parasite không chỉ phản ánh xã hội Hàn Quốc mà còn mang tính toàn cầu, cho thấy hệ quả của phân hóa giai cấp và những mâu thuẫn âm ỉ trong đời sống hiện đại.;
media_010;MOVIE;Spirited Away;https://upload.wikimedia.org/wikipedia/vi/3/30/Spirited_Away_poster.JPG;2001;"Hoạt hình;Giả tưởng";125;1;Nhật Bản;Hayao Miyazaki;"Rumi Hiiragi;Miyu Irino;Mari Natsuki;Takashi Naitô;Yasuko Sawaguchi";Spirited Away theo chân Chihiro, một cô bé lạc vào thế giới linh hồn kỳ bí khi cùng cha mẹ chuyển nhà. Bị mắc kẹt trong thế giới này, Chihiro buộc phải trưởng thành, học cách tự lập và vượt qua nỗi sợ hãi để cứu cha mẹ mình. Bộ phim xây dựng một thế giới giàu trí tưởng tượng, pha trộn giữa thần thoại, văn hóa Nhật Bản và thông điệp nhân văn. Spirited Away nói về sự trưởng thành, mất mát tuổi thơ và quá trình tìm lại bản thân, đồng thời phê phán lòng tham và sự vô cảm của con người đối với thiên nhiên và thế giới xung quanh.;
media_011;MOVIE;Coco;https://upload.wikimedia.org/wikipedia/vi/7/7b/Coco_%28phim_2017%29_poster.jpg;2017;"Hoạt hình;Gia đình";105;1;Mỹ;Lee Unkrich;"Anthony Gonzalez;Gael García Bernal;Benjamin Bratt;Alanna Ubach;Renée Victor";Coco kể về Miguel, một cậu bé có niềm đam mê âm nhạc mãnh liệt nhưng bị gia đình cấm đoán do những tổn thương trong quá khứ. Vào Ngày của người chết, Miguel vô tình bước vào thế giới linh hồn, nơi cậu gặp lại tổ tiên và bắt đầu hành trình khám phá nguồn gốc gia đình mình. Trong chuyến đi, Miguel học được giá trị của ký ức, gia đình và sự kết nối giữa các thế hệ. Bộ phim kết hợp màu sắc rực rỡ, âm nhạc giàu cảm xúc và văn hóa Mexico đặc trưng. Coco truyền tải thông điệp rằng con người chỉ thực sự “biến mất” khi bị lãng quên, đồng thời tôn vinh tình thân và việc theo đuổi ước mơ mà không đánh mất cội nguồn.;
media_012;MOVIE;Up;https://upload.wikimedia.org/wikipedia/vi/f/f2/VutBay-poster.jpg;2009;"Hoạt hình;Phiêu lưu";96;1;Mỹ;Pete Docter;"Ed Asner;Christopher Plummer;Jordan Nagai;Bob Peterson;Delroy Lindo";Up xoay quanh Carl Fredricksen, một ông lão góa vợ sống khép kín và gắn bó với ngôi nhà chứa đầy ký ức. Để thực hiện lời hứa dang dở với người vợ đã mất, Carl dùng hàng ngàn quả bóng bay đưa ngôi nhà của mình bay đến vùng đất mơ ước. Trên hành trình, ông vô tình kết bạn với cậu bé hướng đạo sinh Russell và trải qua nhiều cuộc phiêu lưu bất ngờ. Up là câu chuyện nhẹ nhàng nhưng sâu sắc về sự mất mát, buông bỏ và khả năng bắt đầu lại ở bất kỳ giai đoạn nào của cuộc đời. Bộ phim nhấn mạnh rằng những cuộc phiêu lưu ý nghĩa nhất đôi khi không nằm trong kế hoạch ban đầu.;
media_013;MOVIE;The Lion King;https://upload.wikimedia.org/wikipedia/vi/3/3d/The_Lion_King_poster.jpg;1994;"Hoạt hình;Gia đình";88;1;Mỹ;Roger Allers;"Matthew Broderick;Jeremy Irons;James Earl Jones;Rowan Atkinson;Moira Kelly";The Lion King kể về Simba, chú sư tử con kế vị ngai vàng của vùng đất Pride Lands. Sau cái chết của cha, Simba bị ám ảnh bởi tội lỗi và rời bỏ quê hương. Trong quá trình lưu lạc, cậu học cách sống vô tư nhưng không thể trốn tránh quá khứ mãi mãi. Khi trưởng thành, Simba buộc phải đối mặt với trách nhiệm và trở về giành lại vị trí vốn thuộc về mình. Bộ phim phản ánh hành trình trưởng thành, sự cân bằng của tự nhiên và vòng tròn sinh mệnh. The Lion King truyền tải thông điệp về trách nhiệm, bản sắc cá nhân và việc chấp nhận vai trò của mình trong cộng đồng.;
media_014;SERIES;Breaking Bad;https://upload.wikimedia.org/wikipedia/commons/7/77/Breaking_Bad_logo.svg;2008;"Tội phạm;Tâm lý";0;62;Mỹ;Vince Gilligan;"Bryan Cranston;Aaron Paul;Anna Gunn;Dean Norris;Betsy Brandt";Breaking Bad theo chân Walter White, một giáo viên hóa học trung học được chẩn đoán mắc ung thư giai đoạn cuối. Để đảm bảo tài chính cho gia đình, ông bắt đầu sản xuất và buôn bán ma túy cùng học trò cũ Jesse Pinkman. Qua từng mùa phim, Walter dần biến đổi từ một người đàn ông hiền lành thành kẻ thao túng tàn nhẫn. Series khai thác sâu mặt tối của con người, đặt câu hỏi về đạo đức, quyền lực và sự sa ngã. Breaking Bad không chỉ là câu chuyện tội phạm mà còn là nghiên cứu tâm lý về cách một lựa chọn sai lầm có thể kéo theo chuỗi hậu quả không thể kiểm soát.;
media_015;SERIES;Game of Thrones;https://upload.wikimedia.org/wikipedia/commons/2/2e/Game_of_Thrones_2011_logo.svg;2011;"Giả tưởng;Phiêu lưu";0;73;Mỹ;David Benioff;"Emilia Clarke;Kit Harington;Peter Dinklage;Lena Headey;Nikolaj Coster-Waldau";Game of Thrones lấy bối cảnh một thế giới giả tưởng nơi nhiều gia tộc quyền lực tranh giành Ngai Sắt. Series khắc họa cuộc đấu trí, phản bội và liên minh chính trị phức tạp, nơi không nhân vật nào thực sự an toàn. Song song với cuộc chiến quyền lực là mối đe dọa từ phương Bắc và những thế lực siêu nhiên. Game of Thrones nổi bật bởi cách xây dựng nhân vật đa chiều, không phân chia rạch ròi thiện – ác. Bộ phim phản ánh bản chất con người khi đối mặt với quyền lực tuyệt đối, cũng như cái giá phải trả cho tham vọng và sự thống trị.;
media_016;SERIES;Money Heist;https://upload.wikimedia.org/wikipedia/vi/1/1a/Phi_v%E1%BB%A5_tri%E1%BB%87u_%C4%91%C3%B4_poster.jpg;2017;"Hành động;Tội phạm";0;41;Tây Ban Nha;Álex Pina;"Úrsula Corberó;Álvaro Morte;Itziar Ituño;Pedro Alonso;Alba Flores";Money Heist xoay quanh một nhóm tội phạm được tuyển chọn và dẫn dắt bởi nhân vật bí ẩn mang tên Giáo Sư. Mục tiêu của họ là thực hiện vụ cướp táo bạo nhất trong lịch sử tại Xưởng đúc tiền Hoàng gia Tây Ban Nha. Mỗi thành viên đều mang bí danh là tên thành phố và có quá khứ phức tạp. Series kết hợp căng thẳng tâm lý, chiến lược và cảm xúc cá nhân. Money Heist đặt ra câu hỏi về công lý, sự phản kháng và ranh giới giữa kẻ phạm tội và hệ thống quyền lực, đồng thời thể hiện sức mạnh của sự đoàn kết trong hoàn cảnh cực đoan.;
media_017;SERIES;Squid Game;https://upload.wikimedia.org/wikipedia/vi/e/e1/Squid_Game_season_3_poster.png;2021;"Kinh dị;Tâm lý";0;9;Hàn Quốc;Hwang Dong-hyuk;"Lee Jung-jae;Park Hae-soo;Jung Ho-yeon;O Yeong-su;Heo Sung-tae";Squid Game kể về những người đang mắc nợ và tuyệt vọng được mời tham gia trò chơi sinh tồn với phần thưởng khổng lồ. Những trò chơi tưởng chừng vô hại thời thơ ấu lại trở nên chết người khi người thua cuộc bị loại vĩnh viễn. Series phơi bày sự tàn khốc của xã hội cạnh tranh, nơi tiền bạc có thể đẩy con người vào những quyết định vô nhân đạo. Squid Game không chỉ gây sốc bằng hình ảnh mà còn phản ánh sâu sắc về bất bình đẳng kinh tế, đạo đức và bản năng sinh tồn của con người khi bị dồn vào đường cùng.;
media_018;SERIES;Stranger Things;https://upload.wikimedia.org/wikipedia/commons/3/38/Stranger_Things_logo.png;2016;"Kinh dị;Phiêu lưu";0;34;Mỹ;Duffer Brothers;"Millie Bobby Brown;Finn Wolfhard;Gaten Matarazzo;Caleb McLaughlin;Natalia Dyer";Stranger Things bắt đầu với sự mất tích bí ẩn của một cậu bé tại thị trấn nhỏ Hawkins. Nhóm bạn thân của cậu khám phá ra những hiện tượng siêu nhiên liên quan đến một thế giới song song đáng sợ. Sự xuất hiện của cô bé có năng lực đặc biệt mang tên Eleven làm thay đổi mọi thứ. Series kết hợp yếu tố kinh dị, khoa học viễn tưởng và tình bạn tuổi trẻ. Stranger Things không chỉ kể về quái vật mà còn về tình cảm gia đình, sự gắn kết và nỗi sợ hãi khi trưởng thành trong một thế giới đầy bất ổn.;
media_019;SERIES;Loki;https://upload.wikimedia.org/wikipedia/vi/1/16/Loki_%28TV_series%29_logotv.png;2021;"Viễn tưởng;Hành động";0;12;Mỹ;Kate Herron;"Tom Hiddleston;Owen Wilson;Gugu Mbatha-Raw;Sophia Di Martino;Tara Strong";Loki theo chân vị thần lừa lọc sau khi trốn thoát với Tesseract, dẫn đến việc phá vỡ dòng thời gian. Bị tổ chức TVA bắt giữ, Loki phải đối mặt với nhiều phiên bản khác của chính mình và những lựa chọn trong quá khứ. Series khai thác sâu khái niệm định mệnh, bản sắc và khả năng thay đổi của con người. Loki mang màu sắc triết học rõ nét, cho thấy ngay cả kẻ ích kỷ cũng có thể học cách chịu trách nhiệm. Bộ phim mở rộng đáng kể vũ trụ Marvel theo hướng đa vũ trụ và thời gian.;
media_020;SERIES;Wednesday;https://upload.wikimedia.org/wikipedia/vi/6/66/Wednesday_Netflix_series_poster.png;2022;"Kinh dị;Hài đen";0;8;Mỹ;Tim Burton;"Jenna Ortega;Gwendoline Christie;Riki Lindhome;Jamie McShane;Hunter Doohan";Wednesday xoay quanh cô bé Wednesday Addams khi theo học tại học viện Nevermore. Với tính cách lạnh lùng và trí tuệ sắc bén, Wednesday nhanh chóng bị cuốn vào một chuỗi vụ án mạng bí ẩn. Series kết hợp yếu tố trinh thám, kinh dị nhẹ và hài đen, tạo nên phong cách riêng biệt. Wednesday không chỉ là câu chuyện phá án mà còn là hành trình khám phá bản thân, sự khác biệt và cách hòa nhập mà không đánh mất cá tính. Nhân vật chính đại diện cho những người không phù hợp với chuẩn mực xã hội nhưng vẫn có giá trị riêng.;
media_021;MOVIE;Dune;https://upload.wikimedia.org/wikipedia/vi/9/94/Dune_2_VN_poster.jpg;2021;"Viễn tưởng;Phiêu lưu";155;1;Mỹ;Denis Villeneuve;"Timothée Chalamet;Rebecca Ferguson;Oscar Isaac;Josh Brolin;Stellan Skarsgård";Dune lấy bối cảnh vũ trụ xa xôi nơi hành tinh Arrakis sở hữu tài nguyên quý giá nhất – gia vị Melange. Paul Atreides, một thiếu niên mang số phận đặc biệt, cùng gia đình đến Arrakis và bị cuốn vào âm mưu chính trị nguy hiểm. Bộ phim kết hợp khoa học viễn tưởng, tôn giáo và quyền lực, xây dựng một thế giới phức tạp và sâu sắc. Dune không chỉ là cuộc chiến vì tài nguyên mà còn là câu chuyện về định mệnh, lãnh đạo và sự hy sinh. Phim đặt ra câu hỏi về việc liệu một vị cứu tinh có thể thực sự mang lại hòa bình hay không.;
media_022;MOVIE;La La Land;https://upload.wikimedia.org/wikipedia/vi/a/ab/La_La_Land_%28film%29.png;2016;"Nhạc kịch;Tình cảm";128;1;Mỹ;Damien Chazelle;"Emma Stone;Ryan Gosling;John Legend;Rosemarie DeWitt;J.K. Simmons";La La Land kể về Mia, một nữ diễn viên đầy khát vọng, và Sebastian, một nhạc công jazz đam mê nghệ thuật truyền thống. Họ gặp nhau tại Los Angeles và cùng nhau nuôi dưỡng ước mơ trong khi phải đối mặt với thực tế khắc nghiệt. Bộ phim là sự pha trộn giữa âm nhạc, tình yêu và nỗi tiếc nuối. La La Land đặt ra câu hỏi liệu tình yêu và thành công cá nhân có thể song hành hay không. Phim mang màu sắc lãng mạn nhưng không lý tưởng hóa, phản ánh sự đánh đổi cần thiết để theo đuổi đam mê.;
media_023;MOVIE;The Godfather;https://upload.wikimedia.org/wikipedia/vi/4/4a/Bo_gia_poster.jpg;1972;"Tội phạm;Tâm lý";175;1;Mỹ;Francis Ford Coppola;"Marlon Brando;Al Pacino;James Caan;Robert Duvall;Diane Keaton";The Godfather xoay quanh gia đình mafia Corleone và quá trình chuyển giao quyền lực từ Don Vito sang con trai Michael. Ban đầu miễn cưỡng tham gia thế giới tội phạm, Michael dần trở thành người kế nhiệm tàn nhẫn. Bộ phim khai thác sâu về gia đình, quyền lực và sự trung thành. The Godfather không chỉ là phim xã hội đen mà còn là bi kịch về đạo đức và sự tha hóa. Tác phẩm cho thấy quyền lực có thể thay đổi con người như thế nào, đặc biệt khi bạo lực và danh dự được đặt lên trên nhân tính.;
media_024;MOVIE;Avatar;https://upload.wikimedia.org/wikipedia/vi/b/b0/Avatar-Teaser-Poster.jpg;2009;"Viễn tưởng;Hành động";162;1;Mỹ;James Cameron;"Sam Worthington;Zoe Saldana;Sigourney Weaver;Stephen Lang;Michelle Rodriguez";Avatar lấy bối cảnh hành tinh Pandora, nơi loài người khai thác tài nguyên và xung đột với cư dân bản địa Na’vi. Jake Sully tham gia chương trình Avatar và dần gắn bó với văn hóa của người Na’vi. Khi đứng giữa hai thế giới, Jake phải lựa chọn lòng trung thành của mình. Bộ phim nhấn mạnh mối quan hệ giữa con người và thiên nhiên, phê phán chủ nghĩa thực dân và sự tàn phá môi trường. Avatar nổi bật nhờ thế giới xây dựng chi tiết và thông điệp bảo vệ hệ sinh thái.;
media_025;MOVIE;WALL·E;https://upload.wikimedia.org/wikipedia/vi/3/33/Wall-e_poster.jpg;2008;"Hoạt hình;Khoa học";98;1;Mỹ;Andrew Stanton;"Ben Burtt;Elissa Knight;Jeff Garlin;Fred Willard;John Ratzenberger";WALL·E kể về một tương lai nơi Trái Đất bị bỏ hoang do rác thải và ô nhiễm. WALL·E, chú robot dọn rác cô đơn, tiếp tục công việc của mình cho đến khi gặp Eve, một robot thám hiểm hiện đại. Tình bạn và tình cảm giữa hai robot dẫn dắt loài người quay lại Trái Đất. Bộ phim hầu như không có lời thoại nhưng truyền tải thông điệp mạnh mẽ về môi trường, công nghệ và sự phụ thuộc của con người. WALL·E cho thấy tình yêu và ý thức có thể xuất hiện ở những nơi không ngờ tới.;
media_026;MOVIE;Frozen;https://upload.wikimedia.org/wikipedia/vi/0/05/Frozen_%282013_film%29_poster.jpg;2013;"Hoạt hình;Gia đình";102;1;Mỹ;Chris Buck;"Kristen Bell;Idina Menzel;Jonathan Groff;Josh Gad;Santino Fontana";Frozen xoay quanh hai chị em Elsa và Anna trong vương quốc Arendelle. Elsa sở hữu năng lực tạo băng nhưng không thể kiểm soát, khiến cô tự cô lập bản thân. Anna lên đường tìm chị và vô tình khám phá ý nghĩa thực sự của tình yêu. Frozen phá vỡ khuôn mẫu tình yêu cổ tích truyền thống, nhấn mạnh tình thân hơn là tình cảm lãng mạn. Bộ phim truyền tải thông điệp về việc chấp nhận bản thân, vượt qua nỗi sợ và sức mạnh của sự thấu hiểu trong gia đình.;
media_027;MOVIE;Oppenheimer;https://upload.wikimedia.org/wikipedia/vi/2/21/Oppenheimer_%E2%80%93_Vietnam_poster.jpg;2023;"Tiểu sử;Tâm lý";180;1;Mỹ;Christopher Nolan;"Cillian Murphy;Emily Blunt;Matt Damon;Robert Downey Jr;Florence Pugh";Oppenheimer khắc họa chân dung nhà vật lý J. Robert Oppenheimer, người đứng đầu dự án Manhattan chế tạo bom nguyên tử. Bộ phim không tập trung vào hành động chiến tranh mà đi sâu vào xung đột nội tâm, đạo đức và trách nhiệm khoa học. Oppenheimer đối mặt với hậu quả khủng khiếp từ phát minh của chính mình, đặt ra câu hỏi về giới hạn của khoa học và quyền lực. Phim phản ánh nỗi ám ảnh, áp lực chính trị và cái giá của việc thay đổi lịch sử nhân loại.;
media_028;SERIES;The Last of Us;https://upload.wikimedia.org/wikipedia/vi/d/d9/Video_Game_Cover_The_Last_of_Us.jpg;2023;"Sinh tồn;Tâm lý";0;9;Mỹ;Craig Mazin;"Pedro Pascal;Bella Ramsey;Gabriel Luna;Anna Torv;Merle Dandridge";The Last of Us lấy bối cảnh thế giới hậu tận thế do một loại nấm biến con người thành sinh vật hung bạo. Joel và Ellie cùng nhau vượt qua hành trình nguy hiểm để tìm hy vọng cứu nhân loại. Series tập trung vào mối quan hệ giữa hai nhân vật chính hơn là hành động. The Last of Us khai thác nỗi mất mát, sự hy sinh và câu hỏi liệu tình yêu cá nhân có đáng để đánh đổi tương lai chung hay không. Bộ phim mang màu sắc u tối nhưng giàu cảm xúc.;
media_029;MOVIE;Black Panther;https://upload.wikimedia.org/wikipedia/vi/3/31/Chi%E1%BA%BFn_binh_b%C3%A1o_%C4%91en_2018.jpg;2018;"Hành động;Viễn tưởng";134;1;Mỹ;Ryan Coogler;"Chadwick Boseman;Michael B. Jordan;Lupita Nyong'o;Danai Gurira;Martin Freeman";Black Panther xoay quanh vương quốc Wakanda – một quốc gia châu Phi bí mật sở hữu công nghệ tiên tiến. Sau khi trở thành vua, T’Challa phải đối mặt với kẻ thù đại diện cho những bất công trong quá khứ. Bộ phim kết hợp siêu anh hùng với chủ đề văn hóa, bản sắc và trách nhiệm lãnh đạo. Black Panther đặt ra câu hỏi về việc chia sẻ tri thức, quyền lực và cách một quốc gia nên đối diện với thế giới. Đây là tác phẩm mang ý nghĩa đại diện mạnh mẽ.;
media_030;SERIES;House of the Dragon;https://upload.wikimedia.org/wikipedia/commons/7/70/House-of-the-dragon-logo-2054x300.png;2022;"Giả tưởng;Chính trị;Phiêu lưu";0;20;Mỹ;Miguel Sapochnik;"Paddy Considine;Emma DArcy;Matt Smith;Olivia Cooke;Rhys Ifans";House of the Dragon lấy bối cảnh nhiều năm trước Game of Thrones, tập trung vào gia tộc Targaryen. Series khắc họa cuộc đấu đá nội bộ, mâu thuẫn kế vị và sự suy tàn dần của một triều đại hùng mạnh. Bộ phim đào sâu tâm lý nhân vật, cho thấy cách quyền lực phá vỡ mối quan hệ gia đình. House of the Dragon mang màu sắc chính trị đậm nét, nhấn mạnh rằng kẻ thù nguy hiểm nhất đôi khi không đến từ bên ngoài mà nằm ngay trong chính dòng máu của mình.;
media_031;MOVIE;The Dark Knight;https://upload.wikimedia.org/wikipedia/vi/8/8a/Dark_Knight.jpg;2008;"Hành động;Tội phạm;Tâm lý";152;1;Mỹ;Christopher Nolan;"Christian Bale;Heath Ledger;Aaron Eckhart;Michael Caine;Maggie Gyllenhaal";B Batman đối đầu với Joker – kẻ hỗn loạn điên rồ nhất Gotham. Joker không chỉ gây tội ác mà còn thử thách đạo đức của toàn bộ thành phố, buộc Batman phải đối mặt với giới hạn của công lý. Bộ phim khám phá chủ đề hỗn loạn vs trật tự, sự tha hóa và cái giá của anh hùng. The Dark Knight là kiệt tác hành động tâm lý, với diễn xuất huyền thoại của Heath Ledger, mang lại chiều sâu triết học hiếm thấy trong phim siêu anh hùng.;
media_032;MOVIE;The Godfather Part II;https://upload.wikimedia.org/wikipedia/vi/0/0b/The_Godfather_Part_II_poster.jpg;1974;"Tội phạm;Tâm lý";202;1;Mỹ;Francis Ford Coppola;"Al Pacino;Robert De Niro;Robert Duvall;Diane Keaton;John Cazale";Song song câu chuyện Michael Corleone củng cố quyền lực và hành trình Vito Corleone xây dựng đế chế mafia. Bộ phim đào sâu sự cô lập, phản bội gia đình và cái giá của quyền lực tuyệt đối. The Godfather Part II không chỉ là phần tiếp theo mà còn là một trong những bộ phim hay nhất lịch sử, cân bằng hoàn hảo giữa quá khứ và hiện tại, bi kịch cá nhân và xã hội.;
media_033;MOVIE;12 Angry Men;https://upload.wikimedia.org/wikipedia/vi/9/91/12_Angry_Men.jpg;1957;"Tội phạm;Tâm lý";96;1;Mỹ;Sidney Lumet;"Henry Fonda;Lee J. Cobb;Martin Balsam;John Fiedler;E.G. Marshall";Một hội đồng bồi thẩm phải quyết định số phận cậu thanh niên bị cáo buộc giết cha. Ban đầu mọi người đều cho có tội, nhưng một người đàn ông kiên định bắt đầu đặt câu hỏi, dẫn đến cuộc tranh luận căng thẳng về công lý, định kiến và trách nhiệm. Bộ phim kinh điển chỉ diễn ra trong một phòng, chứng minh sức mạnh của lập luận logic và lòng nhân ái.;
media_034;MOVIE;Schindler's List;https://upload.wikimedia.org/wikipedia/vi/3/3c/Schindler%27s_List_poster.jpg;1993;"Tiểu sử;Chiến tranh;Tâm lý";195;1;Mỹ;Steven Spielberg;"Liam Neeson;Ben Kingsley;Ralph Fiennes;Caroline Goodall";Oskar Schindler, một doanh nhân Đức, cứu hơn 1.000 người Do Thái khỏi Holocaust bằng cách thuê họ làm việc trong nhà máy của mình. Bộ phim đen trắng khắc họa sự tàn bạo của chiến tranh và lòng nhân ái hiếm hoi giữa bóng tối. Schindler's List là tác phẩm mạnh mẽ về lương tâm con người, hy sinh và hy vọng.;
media_035;MOVIE;Pulp Fiction;https://upload.wikimedia.org/wikipedia/vi/3/3b/Pulp_Fiction_%281994%29_poster.jpg;1994;"Tội phạm;Hành động;Hài đen";154;1;Mỹ;Quentin Tarantino;"John Travolta;Samuel L. Jackson;Uma Thurman;Bruce Willis";Các câu chuyện đan xen về sát thủ, võ sĩ quyền anh và vợ trùm xã hội đen. Bộ phim cách mạng với đối thoại sắc bén, bạo lực phong cách và cấu trúc phi tuyến tính. Pulp Fiction định nghĩa lại phim độc lập thập niên 90, mang tính biểu tượng và ảnh hưởng lớn đến văn hóa đại chúng.;
media_036;MOVIE;The Lord of the Rings: The Return of the King;https://upload.wikimedia.org/wikipedia/vi/4/4f/Lord_of_the_Rings_Return_of_the_King.jpg;2003;"Phiêu lưu;Giả tưởng;Hành động";201;1;Mỹ;Peter Jackson;"Elijah Wood;Ian McKellen;Viggo Mortensen;Sean Astin;Orlando Bloom";Frodo và Sam tiếp tục hành trình tiêu diệt Nhẫn Chúa, trong khi Aragorn dẫn dắt liên minh chống Sauron. Bộ phim kết thúc sử thi với trận chiến hoành tráng, hy sinh và chiến thắng. Return of the King là đỉnh cao của trilogy, giành 11 Oscar, tôn vinh tình bạn, lòng dũng cảm và sức mạnh của hy vọng.;
media_037;MOVIE;Goodfellas;https://upload.wikimedia.org/wikipedia/vi/7/7d/Goodfellas.jpg;1990;"Tội phạm;Tâm lý";145;1;Mỹ;Martin Scorsese;"Robert De Niro;Ray Liotta;Joe Pesci;Lorraine Bracco";Henry Hill sống cuộc đời gangster từ nhỏ đến đỉnh cao rồi sụp đổ. Bộ phim kể chuyện chân thực, hài hước đen tối về thế giới mafia, với nhịp phim nhanh và diễn xuất đỉnh cao. Goodfellas là kiệt tác về tham vọng, phản bội và hậu quả của lối sống tội phạm.;
media_038;MOVIE;Seven Samurai;https://upload.wikimedia.org/wikipedia/vi/5/5e/Seven_Samurai.jpg;1954;"Hành động;Phiêu lưu;Tâm lý";207;1;Nhật Bản;Akira Kurosawa;"Toshiro Mifune;Takashi Shimura;Isao Kimura";Làng nông dân thuê bảy samurai bảo vệ khỏi cướp. Bộ phim sử thi về danh dự, hy sinh và tinh thần đồng đội. Seven Samurai ảnh hưởng lớn đến điện ảnh thế giới, là nguồn cảm hứng cho The Magnificent Seven.;
media_039;MOVIE;City of God;https://upload.wikimedia.org/wikipedia/vi/3/3e/City_of_God_poster.jpg;2002;"Tội phạm;Tâm lý";130;1;Brazil;Fernando Meirelles;"Alexandre Rodrigues;Leandro Firmino da Hora";Cuộc sống bạo lực ở khu ổ chuột Rio qua mắt Rocket. Bộ phim chân thực, nhịp nhanh, khám phá nghèo đói, tội phạm và hy vọng. City of God là tuyệt tác về xã hội Brazil, được đề cử Oscar.;
media_040;MOVIE;Se7en;https://upload.wikimedia.org/wikipedia/vi/6/66/Se7en.jpg;1995;"Tội phạm;Tâm lý;Kinh dị";127;1;Mỹ;David Fincher;"Brad Pitt;Morgan Freeman;Kevin Spacey";Hai thám tử truy lùng sát nhân hàng loạt theo bảy tội lỗi chết người. Bộ phim đen tối, căng thẳng, với cú twist kinh điển. Se7en khám phá bản chất ác và giới hạn đạo đức.;
media_041;SERIES;Planet Earth II;https://upload.wikimedia.org/wikipedia/commons/5/5e/Planet_Earth_II_logo.jpg;2016;"Tài liệu;Phiêu lưu";0;6;Anh;David Attenborough;"(Narrated by David Attenborough)";Series tài liệu thiên nhiên tuyệt đẹp, khám phá các hệ sinh thái trên Trái Đất. Hình ảnh 4K ngoạn mục, kể chuyện cảm xúc về động vật hoang dã. Planet Earth II nâng tầm phim tài liệu, truyền tải thông điệp bảo vệ môi trường.;
media_042;SERIES;Chernobyl;https://upload.wikimedia.org/wikipedia/vi/4/4f/Chernobyl_HBO.jpg;2019;"Tiểu sử;Kịch;Tâm lý";0;5;Mỹ;Craig Mazin;"Jared Harris;Stellan Skarsgård;Emily Watson";Khám phá thảm họa hạt nhân Chernobyl 1986, từ nguyên nhân đến hậu quả. Series căng thẳng, chân thực, phê phán quan liêu và dũng cảm của con người. Chernobyl là miniseries xuất sắc, giành nhiều Emmy.;
media_043;SERIES;The Wire;https://upload.wikimedia.org/wikipedia/vi/7/7e/The_Wire.jpg;2002;"Tội phạm;Tâm lý";0;60;Mỹ;David Simon;"Dominic West;Idris Elba;Michael K. Williams";Khám phá tội phạm, cảnh sát, chính trị và giáo dục ở Baltimore. Series chân thực, đa tầng, phê phán xã hội Mỹ. The Wire được coi là một trong những series hay nhất mọi thời đại.;
media_044;SERIES;Band of Brothers;https://upload.wikimedia.org/wikipedia/vi/3/3d/Band_of_Brothers.jpg;2001;"Chiến tranh;Tiểu sử";0;10;Mỹ;Various;"Damian Lewis;Ron Livingston;Scott Grimes";Câu chuyện đơn vị Easy Company trong WWII. Series cảm xúc, chân thực về tình anh em và chiến tranh. Band of Brothers là kinh điển về lòng dũng cảm và hy sinh.;
media_045;MOVIE;Inglourious Basterds;https://upload.wikimedia.org/wikipedia/vi/6/6c/Inglourious_Basterds_poster.jpg;2009;"Chiến tranh;Hành động;Hài đen";153;1;Mỹ;Quentin Tarantino;"Brad Pitt;Christoph Waltz;Michael Fassbender";Nhóm lính Mỹ Do Thái săn lùng Nazi, song song âm mưu ám sát Hitler. Bộ phim phong cách Tarantino, đối thoại sắc bén và bạo lực nghệ thuật.;
media_046;MOVIE;There Will Be Blood;https://upload.wikimedia.org/wikipedia/vi/2/2d/There_Will_Be_Blood_poster.jpg;2007;"Tiểu sử;Tâm lý";158;1;Mỹ;Paul Thomas Anderson;"Daniel Day-Lewis;Paul Dano";Daniel Plainview, ông trùm dầu mỏ, theo đuổi giàu có và quyền lực bằng mọi giá. Bộ phim khám phá lòng tham, tôn giáo và sự cô lập.;
media_047;MOVIE;No Country for Old Men;https://upload.wikimedia.org/wikipedia/vi/8/8b/No_Country_for_Old_Men_poster.jpg;2007;"Tội phạm;Tâm lý";122;1;Mỹ;Coen Brothers;"Javier Bardem;Josh Brolin;Tommy Lee Jones";Săn đuổi vali tiền ma túy ở Texas. Bộ phim căng thẳng, triết lý về số phận và bạo lực.;
media_048;MOVIE;The Silence of the Lambs;https://upload.wikimedia.org/wikipedia/vi/5/5e/The_Silence_of_the_Lambs.jpg;1991;"Kinh dị;Tội phạm;Tâm lý";118;1;Mỹ;Jonathan Demme;"Jodie Foster;Anthony Hopkins";Clarice Starling săn lùng Buffalo Bill với sự giúp đỡ của Hannibal Lecter. Bộ phim kinh điển, giành 5 Oscar.;
media_049;MOVIE;Psycho;https://upload.wikimedia.org/wikipedia/vi/7/76/Psycho.jpg;1960;"Kinh dị;Tâm lý";109;1;Mỹ;Alfred Hitchcock;"Anthony Perkins;Janet Leigh";Marion Crane trộm tiền và gặp số phận kinh hoàng ở motel Bates. Bộ phim thay đổi điện ảnh kinh dị mãi mãi.;
media_050;SERIES;Rick and Morty;https://upload.wikimedia.org/wikipedia/vi/8/82/Rick_and_Morty_logo.png;2013;"Hài;Viễn tưởng;Phiêu lưu";0;70;Mỹ;Justin Roiland;Dan Harmon;"Justin Roiland;Chris Parnell;Sarah Chalke";Rick Sanchez và cháu trai Morty du hành đa vũ trụ, phiêu lưu điên rồ và triết lý đen tối.;
media_051;SERIES;Arcane;https://upload.wikimedia.org/wikipedia/vi/3/3e/Arcane_poster.jpg;2021;"Hoạt hình;Hành động;Khoa học viễn tưởng";0;18;Mỹ;Christian Linke;Alex Yee;"Hailee Steinfeld;Kevin Alejandro";Câu chuyện nguồn gốc Vi và Jinx ở Piltover và Zaun. Series hoạt hình đỉnh cao, cảm xúc sâu sắc.;
media_052;MOVIE;Spider-Man: Into the Spider-Verse;https://upload.wikimedia.org/wikipedia/vi/0/0d/Spider-Man_Into_the_Spider-Verse.jpg;2018;"Hoạt hình;Hành động;Siêu anh hùng";117;1;Mỹ;Bob Persichetti;Peter Ramsey;Rodney Rothman;"Shameik Moore;Jake Johnson;Hailee Steinfeld";Miles Morales trở thành Spider-Man, hợp sức các phiên bản khác chống Kingpin. Bộ phim hoạt hình đột phá, giành Oscar.;
media_053;MOVIE;Inside Out;https://upload.wikimedia.org/wikipedia/vi/5/5a/Inside_Out_poster.jpg;2015;"Hoạt hình;Gia đình;Tâm lý";95;1;Mỹ;Pete Docter;"Amy Poehler;Phyllis Smith;Bill Hader";Cô bé Riley đối mặt cảm xúc qua các nhân vật Joy, Sadness. Bộ phim thông minh về tâm lý và trưởng thành.;
media_054;MOVIE;Princess Mononoke;https://upload.wikimedia.org/wikipedia/vi/3/3e/Princess_Mononoke.jpg;1997;"Hoạt hình;Giả tưởng;Phiêu lưu";134;1;Nhật Bản;Hayao Miyazaki;"Yōji Matsuda;Yuriko Ishida";Ashitaka hòa giải giữa con người và thiên nhiên. Bộ phim Ghibli sâu sắc về môi trường và xung đột.;
media_055;MOVIE;Howl's Moving Castle;https://upload.wikimedia.org/wikipedia/vi/4/4e/Howl%27s_Moving_Castle.jpg;2004;"Hoạt hình;Giả tưởng;Tình cảm";119;1;Nhật Bản;Hayao Miyazaki;"Takuya Kimura;Akihiro Miwa";Sophie bị nguyền rủa và sống trong lâu đài di động của Howl. Bộ phim lãng mạn, chống chiến tranh.;
media_056;SERIES;Succession;https://upload.wikimedia.org/wikipedia/vi/5/5d/Succession_logo.png;2018;"Tâm lý;Kịch;Hài đen";0;39;Mỹ;Jesse Armstrong;"Brian Cox;Jeremy Strong;Kieran Culkin";Gia đình Roy tranh giành đế chế truyền thông. Series sắc sảo về quyền lực và gia đình.;
media_057;SERIES;The Sopranos;https://upload.wikimedia.org/wikipedia/vi/3/3e/The_Sopranos.jpg;1999;"Tội phạm;Tâm lý";0;86;Mỹ;David Chase;"James Gandolfini;Edie Falco;Lorraine Bracco";Tony Soprano, trùm mafia, điều trị tâm lý. Series cách mạng TV hiện đại.;
media_058;MOVIE;The Empire Strikes Back;https://upload.wikimedia.org/wikipedia/vi/3/3c/The_Empire_Strikes_Back.jpg;1980;"Viễn tưởng;Hành động;Phiêu lưu";124;1;Mỹ;Irvin Kershner;"Mark Hamill;Harrison Ford;Carrie Fisher";Luke Skywalker huấn luyện với Yoda, đối mặt Darth Vader. Phần hay nhất Star Wars.;
media_059;MOVIE;Whiplash;https://upload.wikimedia.org/wikipedia/vi/0/01/Whiplash_poster.jpg;2014;"Âm nhạc;Tâm lý";106;1;Mỹ;Damien Chazelle;"Miles Teller;J.K. Simmons";Andrew theo đuổi drumming dưới sự huấn luyện khắc nghiệt. Bộ phim căng thẳng về đam mê và giới hạn.;
media_060;SERIES;Better Call Saul;https://upload.wikimedia.org/wikipedia/vi/8/8e/Better_Call_Saul.jpg;2015;"Tội phạm;Tâm lý";0;63;Mỹ;Vince Gilligan;Peter Gould;"Bob Odenkirk;Rhea Seehorn";Jimmy McGill trở thành Saul Goodman. Prequel Breaking Bad xuất sắc, sâu sắc hơn.;